Rk,Squad,MP,W,D,L,GF,GA,GD,Pts,Pts/MP,xG,xGA,xGD,xGD/90,Attendance,season,country
1,Flamengo,38,28,6,4,86,37,49,90,2.37,81.6,42.8,38.8,1.02,58809.0,2019,BR
2,Santos,38,22,8,8,60,33,27,74,1.95,62.1,39.8,22.3,0.59,10388.0,2019,BR
3,Palmeiras,38,21,11,6,61,32,29,74,1.95,59.7,33.3,26.5,0.7,28413.0,2019,BR
4,Grêmio,38,19,8,11,64,39,25,65,1.71,57.0,42.4,14.6,0.39,16751.0,2019,BR
5,Ath Paranaense,38,18,10,10,51,32,19,64,1.68,64.0,49.8,14.2,0.37,15449.0,2019,BR
6,São Paulo,38,17,12,9,39,30,9,63,1.66,44.1,42.3,1.9,0.05,29624.0,2019,BR
7,Internacional,38,16,9,13,44,39,5,57,1.5,53.0,47.5,5.5,0.15,20651.0,2019,BR
8,Corinthians,38,14,14,10,42,34,8,56,1.47,42.4,42.8,-0.5,-0.01,32894.0,2019,BR
9,Fortaleza,38,15,8,15,50,49,1,53,1.39,50.0,62.1,-12.0,-0.32,33661.0,2019,BR
10,Goiás,38,15,7,16,46,64,-18,52,1.37,47.2,63.4,-16.2,-0.43,14935.0,2019,BR
11,Bahia,38,12,13,13,44,43,1,49,1.29,51.7,47.4,4.3,0.11,26674.0,2019,BR
12,Vasco da Gama,38,12,13,13,39,45,-6,49,1.29,56.7,53.8,2.9,0.08,21092.0,2019,BR
13,Atlético Mineiro,38,13,9,16,45,49,-4,48,1.26,59.5,50.3,9.2,0.24,19044.0,2019,BR
14,Fluminense,38,12,10,16,38,46,-8,46,1.21,54.6,53.0,1.6,0.04,21483.0,2019,BR
15,Botafogo (RJ),38,13,4,21,31,45,-14,43,1.13,37.9,62.9,-24.9,-0.66,17425.0,2019,BR
16,Ceará,38,10,9,19,36,41,-5,39,1.03,48.7,53.4,-4.7,-0.12,26742.0,2019,BR
17,Cruzeiro,38,7,15,16,27,46,-19,36,0.95,46.5,51.4,-4.8,-0.13,27049.0,2019,BR
18,CSA,38,8,8,22,24,58,-34,32,0.84,34.6,64.1,-29.5,-0.78,12015.0,2019,BR
19,Chapecoense,38,7,11,20,31,52,-21,32,0.84,41.7,67.7,-26.0,-0.68,7430.0,2019,BR
20,Avaí,38,3,11,24,18,62,-44,20,0.53,34.8,57.9,-23.1,-0.61,8338.0,2019,BR
1,Liverpool,38,32,3,3,85,33,52,99,2.61,68.9,37.7,31.2,0.82,41955.0,2019,EN
2,Manchester City,38,26,3,9,102,35,67,81,2.13,92.0,36.2,55.7,1.47,37097.0,2019,EN
3,Manchester Utd,38,18,12,8,66,36,30,66,1.74,62.2,37.7,24.5,0.64,57415.0,2019,EN
4,Chelsea,38,20,6,12,69,54,15,66,1.74,69.2,38.6,30.6,0.81,32023.0,2019,EN
5,Leicester City,38,18,8,12,67,41,26,62,1.63,62.2,45.5,16.7,0.44,25312.0,2019,EN
6,Tottenham,38,16,11,11,61,47,14,59,1.55,47.9,54.2,-6.3,-0.17,43757.0,2019,EN
7,Wolves,38,15,14,9,51,40,11,59,1.55,54.1,38.0,16.1,0.42,24758.0,2019,EN
8,Arsenal,38,14,14,10,56,48,8,56,1.47,47.0,55.3,-8.3,-0.22,47589.0,2019,EN
9,Sheffield Utd,38,14,12,12,39,39,0,54,1.42,43.0,51.0,-7.9,-0.21,24370.0,2019,EN
10,Burnley,38,15,9,14,43,50,-7,54,1.42,47.4,49.8,-2.4,-0.06,15995.0,2019,EN
11,Southampton,38,15,7,16,51,60,-9,52,1.37,56.1,52.8,3.3,0.09,23428.0,2019,EN
12,Everton,38,13,10,15,44,56,-12,49,1.29,50.8,48.3,2.5,0.07,28848.0,2019,EN
13,Newcastle Utd,38,11,11,16,38,58,-20,44,1.16,35.5,65.6,-30.1,-0.79,35551.0,2019,EN
14,Crystal Palace,38,11,10,17,31,50,-19,43,1.13,35.8,57.0,-21.2,-0.56,19784.0,2019,EN
15,Brighton,38,9,14,15,39,54,-15,41,1.08,45.4,55.0,-9.5,-0.25,22369.0,2019,EN
16,West Ham,38,10,9,19,49,62,-13,39,1.03,48.6,63.8,-15.2,-0.4,44155.0,2019,EN
17,Aston Villa,38,9,8,21,41,67,-26,35,0.92,44.3,67.8,-23.5,-0.62,28505.0,2019,EN
18,Bournemouth,38,9,7,22,40,65,-25,34,0.89,44.8,62.3,-17.5,-0.46,7745.0,2019,EN
19,Watford,38,8,10,20,36,64,-28,34,0.89,48.9,58.1,-9.3,-0.24,15353.0,2019,EN
20,Norwich City,38,5,6,27,26,75,-49,21,0.55,37.0,66.5,-29.5,-0.78,19913.0,2019,EN
1,Real Madrid,38,26,9,3,70,25,45,87,2.29,67.9,33.3,34.6,0.91,45833.0,2019,SP
2,Barcelona,38,25,7,6,86,38,48,82,2.16,66.3,38.3,28.0,0.74,54223.0,2019,SP
3,Atlético Madrid,38,18,16,4,51,27,24,70,1.84,56.8,32.5,24.4,0.64,42236.0,2019,SP
4,Sevilla,38,19,13,6,54,34,20,70,1.84,53.2,36.1,17.1,0.45,25016.0,2019,SP
5,Villarreal,38,18,6,14,63,49,14,60,1.58,63.6,46.3,17.3,0.45,11321.0,2019,SP
6,Real Sociedad,38,16,8,14,56,48,8,56,1.47,48.9,43.0,5.8,0.15,21204.0,2019,SP
7,Granada,38,16,8,14,52,45,7,56,1.47,44.9,42.6,2.3,0.06,11174.0,2019,SP
8,Getafe,38,14,12,12,43,37,6,54,1.42,41.6,41.4,0.2,0.0,8000.0,2019,SP
9,Valencia,38,14,11,13,46,53,-7,53,1.39,43.3,56.0,-12.7,-0.33,29658.0,2019,SP
10,Osasuna,38,13,13,12,46,54,-8,52,1.37,49.4,49.4,0.1,0.0,11453.0,2019,SP
11,Athletic Club,38,13,12,13,41,38,3,51,1.34,41.5,48.8,-7.3,-0.19,28039.0,2019,SP
12,Levante,38,14,7,17,47,53,-6,49,1.29,48.1,62.9,-14.8,-0.39,13196.0,2019,SP
13,Valladolid,38,9,15,14,32,43,-11,42,1.11,36.6,54.5,-18.0,-0.47,13580.0,2019,SP
14,Eibar,38,11,9,18,39,56,-17,42,1.11,42.0,53.0,-11.0,-0.29,4151.0,2019,SP
15,Betis,38,10,11,17,48,60,-12,41,1.08,51.0,54.8,-3.7,-0.1,35969.0,2019,SP
16,Alavés,38,10,9,19,34,59,-25,39,1.03,39.3,57.8,-18.5,-0.49,12177.0,2019,SP
17,Celta Vigo,38,7,16,15,37,49,-12,37,0.97,39.2,45.3,-6.1,-0.16,11995.0,2019,SP
18,Leganés,38,8,12,18,30,51,-21,36,0.95,39.9,42.8,-2.9,-0.08,7539.0,2019,SP
19,Mallorca,38,9,6,23,40,65,-25,33,0.87,41.1,63.5,-22.4,-0.59,10877.0,2019,SP
20,Espanyol,38,5,10,23,27,58,-31,25,0.66,38.6,51.0,-12.4,-0.33,16260.0,2019,SP
1,Bayern Munich,34,26,4,4,100,32,68,82,2.41,89.5,37.9,51.6,1.52,57353.0,2019,GE
2,Dortmund,34,21,6,7,84,41,43,69,2.03,61.0,40.9,20.1,0.59,57297.0,2019,GE
3,RB Leipzig,34,18,12,4,81,37,44,66,1.94,71.3,38.8,32.6,0.96,28819.0,2019,GE
4,Gladbach,34,20,5,9,66,40,26,65,1.91,72.0,45.9,26.1,0.77,36078.0,2019,GE
5,Leverkusen,34,19,6,9,61,44,17,63,1.85,59.1,51.2,7.8,0.23,21236.0,2019,GE
6,Hoffenheim,34,15,7,12,53,53,0,52,1.53,56.1,59.6,-3.4,-0.1,20449.0,2019,GE
7,Wolfsburg,34,13,10,11,48,46,2,49,1.44,52.8,42.9,9.9,0.29,18621.0,2019,GE
8,Freiburg,34,13,9,12,48,47,1,48,1.41,46.7,64.6,-17.8,-0.52,16888.0,2019,GE
9,Eint Frankfurt,34,13,6,15,59,60,-1,45,1.32,59.5,49.9,9.6,0.28,35435.0,2019,GE
10,Hertha BSC,34,11,8,15,48,59,-11,41,1.21,43.1,54.5,-11.4,-0.34,37689.0,2019,GE
11,Union Berlin,34,12,5,17,41,58,-17,41,1.21,41.4,54.3,-12.8,-0.38,15467.0,2019,GE
12,Schalke 04,34,9,12,13,38,58,-20,39,1.15,37.8,51.6,-13.8,-0.41,46681.0,2019,GE
13,Mainz 05,34,11,4,19,44,65,-21,37,1.09,48.2,59.6,-11.5,-0.34,20694.0,2019,GE
14,Köln,34,10,6,18,51,69,-18,36,1.06,48.9,53.3,-4.4,-0.13,35094.0,2019,GE
15,Augsburg,34,9,9,16,45,63,-18,36,1.06,43.1,56.6,-13.5,-0.4,20265.0,2019,GE
16,Werder Bremen,34,8,7,19,42,69,-27,31,0.91,39.4,55.4,-16.0,-0.47,26413.0,2019,GE
17,Düsseldorf,34,6,12,16,36,67,-31,30,0.88,35.9,60.7,-24.8,-0.73,30581.0,2019,GE
18,Paderborn 07,34,4,8,22,37,74,-37,20,0.59,39.2,67.3,-28.1,-0.83,11038.0,2019,GE
1,Juventus,38,26,5,7,76,43,33,83,2.18,71.1,44.9,26.1,0.69,25102.0,2019,IT
2,Inter,38,24,10,4,81,36,45,82,2.16,69.4,40.7,28.7,0.76,41558.0,2019,IT
3,Atalanta,38,23,9,6,98,48,50,78,2.05,83.5,41.3,42.2,1.11,11167.0,2019,IT
4,Lazio,38,24,6,8,79,42,37,78,2.05,68.0,51.1,16.9,0.44,26363.0,2019,IT
5,Roma,38,21,7,10,77,51,26,70,1.84,73.2,49.4,23.9,0.63,26956.0,2019,IT
6,Milan,38,19,9,10,63,46,17,66,1.74,62.8,45.1,17.6,0.46,34078.0,2019,IT
7,Napoli,38,18,8,12,61,50,11,62,1.63,61.7,44.7,16.9,0.45,21622.0,2019,IT
8,Sassuolo,38,14,9,15,69,63,6,51,1.34,52.9,62.0,-9.2,-0.24,7704.0,2019,IT
9,Hellas Verona,38,12,13,13,47,51,-4,49,1.29,50.5,53.7,-3.2,-0.08,11248.0,2019,IT
10,Fiorentina,38,12,13,13,51,48,3,49,1.29,53.6,48.9,4.7,0.12,22486.0,2019,IT
11,Parma,38,14,7,17,56,57,-1,49,1.29,48.4,64.3,-15.9,-0.42,10245.0,2019,IT
12,Bologna,38,12,11,15,52,65,-13,47,1.24,56.9,54.8,2.0,0.05,15774.0,2019,IT
13,Udinese,38,12,9,17,37,51,-14,45,1.18,41.6,53.4,-11.8,-0.31,13841.0,2019,IT
14,Cagliari,38,11,12,15,52,56,-4,45,1.18,41.8,59.0,-17.2,-0.45,10728.0,2019,IT
15,Sampdoria,38,12,6,20,48,65,-17,42,1.11,50.2,54.9,-4.7,-0.12,13700.0,2019,IT
16,Torino,38,11,7,20,46,68,-22,40,1.05,44.8,60.8,-16.0,-0.42,13338.0,2019,IT
17,Genoa,38,10,9,19,47,73,-26,39,1.03,48.7,60.0,-11.3,-0.3,14016.0,2019,IT
18,Lecce,38,9,8,21,52,85,-33,35,0.92,54.7,85.6,-30.8,-0.81,15939.0,2019,IT
19,Brescia,38,6,7,25,35,79,-44,25,0.66,43.4,74.5,-31.2,-0.82,10050.0,2019,IT
20,SPAL,38,5,5,28,27,77,-50,20,0.53,40.7,68.6,-27.9,-0.73,8241.0,2019,IT
1,Flamengo,38,21,8,9,68,48,20,71,1.87,78.4,35.2,43.2,1.14,,2020,BR
2,Internacional,38,20,10,8,61,35,26,70,1.84,55.3,36.2,19.1,0.5,,2020,BR
3,Atlético Mineiro,38,20,8,10,64,45,19,68,1.79,68.5,45.7,22.8,0.6,,2020,BR
4,São Paulo,38,18,12,8,59,41,18,66,1.74,54.3,39.5,14.8,0.39,,2020,BR
5,Fluminense,38,18,10,10,55,42,13,64,1.68,41.3,44.9,-3.6,-0.09,,2020,BR
6,Grêmio,38,14,17,7,53,40,13,59,1.55,54.3,41.8,12.5,0.33,,2020,BR
7,Palmeiras,38,15,13,10,51,37,14,58,1.53,52.6,39.1,13.5,0.36,,2020,BR
8,Santos,38,14,12,12,52,51,1,54,1.42,50.9,56.7,-5.7,-0.15,,2020,BR
9,Ath Paranaense,38,15,8,15,38,36,2,53,1.39,45.6,47.0,-1.4,-0.04,,2020,BR
10,Red Bull Bragantino,38,13,14,11,50,40,10,53,1.39,53.3,43.3,10.0,0.26,,2020,BR
11,Ceará,38,14,10,14,54,51,3,52,1.37,51.8,52.6,-0.8,-0.02,,2020,BR
12,Corinthians,38,13,12,13,45,45,0,51,1.34,44.1,54.4,-10.3,-0.27,,2020,BR
13,Atl Goianiense,38,12,14,12,40,45,-5,50,1.32,44.3,54.5,-10.2,-0.27,,2020,BR
14,Bahia,38,12,8,18,48,59,-11,44,1.16,55.9,57.7,-1.9,-0.05,,2020,BR
15,Sport Recife,38,12,6,20,31,50,-19,42,1.11,34.7,58.0,-23.3,-0.61,,2020,BR
16,Fortaleza,38,10,11,17,34,44,-10,41,1.08,43.2,47.8,-4.6,-0.12,,2020,BR
17,Vasco da Gama,38,10,11,17,37,56,-19,41,1.08,41.1,56.5,-15.4,-0.41,,2020,BR
18,Goiás,38,9,10,19,41,63,-22,37,0.97,39.5,61.1,-21.6,-0.57,,2020,BR
19,Coritiba,38,7,10,21,31,54,-23,31,0.82,37.9,61.4,-23.5,-0.62,,2020,BR
20,Botafogo (RJ),38,5,12,21,32,62,-30,27,0.71,51.3,64.8,-13.5,-0.36,,2020,BR
1,Manchester City,38,27,5,6,83,32,51,86,2.26,68.2,30.2,38.0,1.0,526.0,2020,EN
2,Manchester Utd,38,21,11,6,73,44,29,74,1.95,60.1,41.4,18.6,0.49,526.0,2020,EN
3,Liverpool,38,20,9,9,68,42,26,69,1.82,67.5,43.0,24.5,0.65,837.0,2020,EN
4,Chelsea,38,19,10,9,58,36,22,67,1.76,62.4,30.3,32.1,0.85,526.0,2020,EN
5,Leicester City,38,20,6,12,68,50,18,66,1.74,55.8,46.0,9.8,0.26,421.0,2020,EN
6,West Ham,38,19,8,11,62,47,15,65,1.71,55.4,48.7,6.7,0.18,632.0,2020,EN
7,Tottenham,38,18,8,12,68,45,23,62,1.63,53.1,49.1,4.0,0.1,632.0,2020,EN
8,Arsenal,38,18,7,13,55,39,16,61,1.61,51.7,43.0,8.8,0.23,632.0,2020,EN
9,Leeds United,38,18,5,15,62,54,8,59,1.55,55.6,57.9,-2.2,-0.06,421.0,2020,EN
10,Everton,38,17,8,13,47,48,-1,59,1.55,45.7,50.1,-4.5,-0.12,368.0,2020,EN
11,Aston Villa,38,16,7,15,55,46,9,55,1.45,52.5,51.1,1.4,0.04,526.0,2020,EN
12,Newcastle Utd,38,12,9,17,46,62,-16,45,1.18,43.4,58.3,-14.9,-0.39,526.0,2020,EN
13,Wolves,38,12,9,17,36,52,-16,45,1.18,36.5,49.5,-13.0,-0.34,237.0,2020,EN
14,Crystal Palace,38,12,8,18,41,66,-25,44,1.16,34.1,58.2,-24.2,-0.64,447.0,2020,EN
15,Southampton,38,12,7,19,47,68,-21,43,1.13,41.2,53.1,-11.8,-0.31,526.0,2020,EN
16,Brighton,38,9,14,15,40,46,-6,41,1.08,50.9,35.3,15.6,0.41,523.0,2020,EN
17,Burnley,38,10,9,19,33,55,-22,39,1.03,39.3,54.7,-15.4,-0.4,178.0,2020,EN
18,Fulham,38,5,13,20,27,53,-26,28,0.74,40.5,52.6,-12.1,-0.32,211.0,2020,EN
19,West Brom,38,5,11,22,35,76,-41,26,0.68,35.8,67.9,-32.0,-0.84,283.0,2020,EN
20,Sheffield Utd,38,7,2,29,20,63,-43,23,0.61,32.6,62.2,-29.6,-0.78,263.0,2020,EN
1,Atlético Madrid,38,26,8,4,67,25,42,86,2.26,52.8,37.1,15.7,0.41,,2020,SP
2,Real Madrid,38,25,9,4,67,28,39,84,2.21,61.5,37.6,23.9,0.63,,2020,SP
3,Barcelona,38,24,7,7,85,38,47,79,2.08,73.5,40.8,32.7,0.86,,2020,SP
4,Sevilla,38,24,5,9,53,33,20,77,2.03,54.4,34.8,19.6,0.52,,2020,SP
5,Real Sociedad,38,17,11,10,59,38,21,62,1.63,60.7,39.2,21.5,0.57,,2020,SP
6,Betis,38,17,10,11,50,50,0,61,1.61,49.1,46.8,2.2,0.06,,2020,SP
7,Villarreal,38,15,13,10,60,44,16,58,1.53,56.4,42.5,13.9,0.37,253.0,2020,SP
8,Celta Vigo,38,14,11,13,55,57,-2,53,1.39,50.4,51.0,-0.6,-0.02,91.0,2020,SP
9,Granada,38,13,7,18,47,65,-18,46,1.21,41.1,56.2,-15.0,-0.4,,2020,SP
10,Athletic Club,38,11,13,14,46,42,4,46,1.21,43.1,37.7,5.4,0.14,,2020,SP
11,Osasuna,38,11,11,16,37,48,-11,44,1.16,38.7,47.8,-9.0,-0.24,,2020,SP
12,Cádiz,38,11,11,16,36,58,-22,44,1.16,34.7,55.4,-20.7,-0.54,,2020,SP
13,Valencia,38,10,13,15,50,53,-3,43,1.13,42.6,52.2,-9.6,-0.25,142.0,2020,SP
14,Levante,38,9,14,15,46,57,-11,41,1.08,40.4,53.4,-13.0,-0.34,,2020,SP
15,Getafe,38,9,11,18,28,43,-15,38,1.0,34.4,40.3,-5.9,-0.16,,2020,SP
16,Alavés,38,9,11,18,36,57,-21,38,1.0,42.6,49.9,-7.3,-0.19,,2020,SP
17,Elche,38,8,12,18,34,55,-21,36,0.95,29.9,60.9,-31.0,-0.82,185.0,2020,SP
18,Huesca,38,7,13,18,34,53,-19,34,0.89,38.9,48.4,-9.5,-0.25,,2020,SP
19,Valladolid,38,5,16,17,34,57,-23,31,0.82,40.1,52.9,-12.8,-0.34,,2020,SP
20,Eibar,38,6,12,20,29,52,-23,30,0.79,45.2,45.7,-0.5,-0.01,,2020,SP
1,Bayern Munich,34,24,6,4,99,44,55,78,2.29,75.9,40.2,35.8,1.05,15.0,2020,GE
2,RB Leipzig,34,19,8,7,60,32,28,65,1.91,64.4,29.4,35.0,1.03,1059.0,2020,GE
3,Dortmund,34,20,4,10,75,46,29,64,1.88,66.2,41.6,24.6,0.72,1241.0,2020,GE
4,Wolfsburg,34,17,10,7,61,37,24,61,1.79,49.0,42.1,6.9,0.2,538.0,2020,GE
5,Eint Frankfurt,34,16,12,6,69,53,16,60,1.76,58.5,46.9,11.6,0.34,853.0,2020,GE
6,Leverkusen,34,14,10,10,53,39,14,52,1.53,46.3,39.2,7.1,0.21,355.0,2020,GE
7,Union Berlin,34,12,14,8,50,43,7,50,1.47,46.9,42.8,4.1,0.12,912.0,2020,GE
8,Gladbach,34,13,10,11,64,56,8,49,1.44,54.9,45.7,9.2,0.27,628.0,2020,GE
9,Stuttgart,34,12,9,13,56,55,1,45,1.32,51.4,52.1,-0.8,-0.02,978.0,2020,GE
10,Freiburg,34,12,9,13,52,52,0,45,1.32,45.5,52.4,-6.9,-0.2,188.0,2020,GE
11,Hoffenheim,34,11,10,13,52,54,-2,43,1.26,51.9,53.1,-1.2,-0.04,361.0,2020,GE
12,Mainz 05,34,10,9,15,39,56,-17,39,1.15,49.9,52.1,-2.2,-0.06,221.0,2020,GE
13,Augsburg,34,10,6,18,36,54,-18,36,1.06,37.3,57.3,-20.0,-0.59,353.0,2020,GE
14,Hertha BSC,34,8,11,15,41,52,-11,35,1.03,41.9,47.4,-5.6,-0.16,471.0,2020,GE
15,Arminia,34,9,8,17,26,52,-26,35,1.03,32.9,56.8,-23.9,-0.7,321.0,2020,GE
16,Köln,34,8,9,17,34,60,-26,33,0.97,40.5,53.6,-13.0,-0.38,35.0,2020,GE
17,Werder Bremen,34,7,10,17,36,57,-21,31,0.91,32.9,53.2,-20.3,-0.6,518.0,2020,GE
18,Schalke 04,34,3,7,24,25,86,-61,16,0.47,28.7,69.2,-40.5,-1.19,18.0,2020,GE
1,Inter,38,28,7,3,89,35,54,91,2.39,74.2,39.8,34.3,0.9,158.0,2020,IT
2,Milan,38,24,7,7,74,41,33,79,2.08,70.7,47.0,23.7,0.62,105.0,2020,IT
3,Atalanta,38,23,9,6,90,47,43,78,2.05,74.7,41.0,33.7,0.89,105.0,2020,IT
4,Juventus,38,23,9,6,77,38,39,78,2.05,74.4,39.4,35.0,0.92,105.0,2020,IT
5,Napoli,38,24,5,9,86,41,45,77,2.03,67.7,42.6,25.2,0.66,105.0,2020,IT
6,Lazio,38,21,5,12,61,55,6,68,1.79,58.2,47.3,10.9,0.29,158.0,2020,IT
7,Roma,38,18,8,12,68,58,10,62,1.63,65.3,45.6,19.7,0.53,105.0,2020,IT
8,Sassuolo,38,17,11,10,64,56,8,62,1.63,58.4,55.4,3.0,0.08,134.0,2020,IT
9,Sampdoria,38,15,7,16,52,54,-2,52,1.37,45.4,56.1,-10.7,-0.28,105.0,2020,IT
10,Hellas Verona,38,11,12,15,46,48,-2,45,1.18,45.3,49.5,-4.1,-0.11,611.0,2020,IT
11,Genoa,38,10,12,16,47,58,-11,42,1.11,38.8,60.5,-21.7,-0.57,53.0,2020,IT
12,Bologna,38,10,11,17,51,65,-14,41,1.08,54.6,62.6,-7.9,-0.21,105.0,2020,IT
13,Fiorentina,38,9,13,16,47,59,-12,40,1.05,44.9,61.5,-16.6,-0.44,105.0,2020,IT
14,Udinese,38,10,10,18,42,58,-16,40,1.05,45.7,52.6,-6.9,-0.18,158.0,2020,IT
15,Spezia,38,9,12,17,52,72,-20,39,1.03,46.6,65.1,-18.5,-0.49,105.0,2020,IT
16,Cagliari,38,9,10,19,43,59,-16,37,0.97,47.1,61.7,-14.6,-0.38,105.0,2020,IT
17,Torino,38,7,16,15,50,69,-19,37,0.97,50.0,62.0,-11.9,-0.31,105.0,2020,IT
18,Benevento,38,7,12,19,40,75,-35,33,0.87,40.6,64.3,-23.6,-0.62,158.0,2020,IT
19,Crotone,38,6,5,27,45,92,-47,23,0.61,40.4,70.8,-30.5,-0.8,53.0,2020,IT
20,Parma,38,3,11,24,39,83,-44,20,0.53,42.5,61.0,-18.5,-0.49,158.0,2020,IT
1,Atlético Mineiro,38,26,6,6,67,34,33,84,2.21,57.8,34.0,23.8,0.63,21827.0,2021,BR
2,Flamengo,38,21,8,9,69,36,33,71,1.87,66.5,40.3,26.3,0.69,10419.0,2021,BR
3,Palmeiras,38,20,6,12,58,43,15,66,1.74,56.3,48.5,7.8,0.21,5850.0,2021,BR
4,Fortaleza,38,17,7,14,44,45,-1,58,1.53,50.6,48.2,2.3,0.06,9133.0,2021,BR
5,Corinthians,38,15,12,11,40,36,4,57,1.5,40.2,37.0,3.3,0.09,13772.0,2021,BR
6,Red Bull Bragantino,38,14,14,10,55,46,9,56,1.47,47.2,48.5,-1.3,-0.03,1032.0,2021,BR
7,Fluminense,38,15,9,14,38,38,0,54,1.42,44.3,46.4,-2.1,-0.06,5647.0,2021,BR
8,América (MG),38,13,14,11,41,37,4,53,1.39,56.1,46.8,9.3,0.24,1223.0,2021,BR
9,Atl Goianiense,38,13,14,11,33,36,-3,53,1.39,37.0,50.6,-13.6,-0.36,2506.0,2021,BR
10,Santos,38,12,14,12,35,40,-5,50,1.32,44.7,51.1,-6.4,-0.17,3527.0,2021,BR
11,Ceará,38,11,17,10,39,38,1,50,1.32,47.9,49.9,-2.0,-0.05,7926.0,2021,BR
12,Internacional,38,12,12,14,44,42,2,48,1.26,50.6,54.5,-3.9,-0.1,6623.0,2021,BR
13,São Paulo,38,11,15,12,31,39,-8,48,1.26,45.5,41.6,3.9,0.1,11890.0,2021,BR
14,Ath Paranaense,38,13,8,17,41,45,-4,47,1.24,41.8,45.5,-3.7,-0.1,3362.0,2021,BR
15,Cuiabá,38,10,17,11,34,37,-3,47,1.24,36.6,45.5,-8.9,-0.23,4164.0,2021,BR
16,Juventude,38,11,13,14,36,44,-8,46,1.21,37.5,42.4,-4.9,-0.13,2768.0,2021,BR
17,Grêmio,38,12,7,19,44,51,-7,43,1.13,50.5,43.2,7.3,0.19,3956.0,2021,BR
18,Bahia,38,11,10,17,42,51,-9,43,1.13,45.6,46.2,-0.6,-0.02,7738.0,2021,BR
19,Sport Recife,38,9,11,18,24,37,-13,38,1.0,39.8,50.7,-10.8,-0.28,2177.0,2021,BR
20,Chapecoense,38,1,12,25,27,67,-40,15,0.39,39.5,65.4,-25.8,-0.68,725.0,2021,BR
1,Manchester City,38,29,6,3,99,26,73,93,2.45,88.7,24.6,64.0,1.68,52774.0,2021,EN
2,Liverpool,38,28,8,2,94,26,68,92,2.42,88.7,33.8,54.9,1.45,53352.0,2021,EN
3,Chelsea,38,21,11,6,76,33,43,74,1.95,63.4,33.2,30.1,0.79,36443.0,2021,EN
4,Tottenham,38,22,5,11,69,40,29,71,1.87,61.2,39.3,21.9,0.58,56523.0,2021,EN
5,Arsenal,38,22,3,13,61,48,13,69,1.82,60.5,45.7,14.9,0.39,59665.0,2021,EN
6,Manchester Utd,38,16,10,12,57,57,0,58,1.53,55.8,53.0,2.8,0.07,73150.0,2021,EN
7,West Ham,38,16,8,14,60,51,9,56,1.47,51.4,53.5,-2.1,-0.06,58370.0,2021,EN
8,Leicester City,38,14,10,14,62,59,3,52,1.37,47.8,59.3,-11.5,-0.3,32493.0,2021,EN
9,Brighton,38,12,15,11,42,44,-2,51,1.34,46.2,42.9,3.3,0.09,30966.0,2021,EN
10,Wolves,38,15,6,17,38,43,-5,51,1.34,37.5,56.9,-19.4,-0.51,30841.0,2021,EN
11,Newcastle Utd,38,13,10,15,44,62,-18,49,1.29,38.1,57.1,-19.0,-0.5,51487.0,2021,EN
12,Crystal Palace,38,11,15,12,50,46,4,48,1.26,46.4,40.7,5.7,0.15,24588.0,2021,EN
13,Brentford,38,13,7,18,48,56,-8,46,1.21,45.8,48.5,-2.7,-0.07,16918.0,2021,EN
14,Aston Villa,38,13,6,19,52,54,-2,45,1.18,44.0,49.0,-4.9,-0.13,41681.0,2021,EN
15,Southampton,38,9,13,16,43,67,-24,40,1.05,44.8,60.0,-15.2,-0.4,30134.0,2021,EN
16,Everton,38,11,6,21,43,66,-23,39,1.03,41.2,55.4,-14.2,-0.37,38446.0,2021,EN
17,Leeds United,38,9,11,18,42,79,-37,38,1.0,44.4,67.8,-23.5,-0.62,36308.0,2021,EN
18,Burnley,38,7,14,17,34,53,-19,35,0.92,39.7,57.1,-17.4,-0.46,19278.0,2021,EN
19,Watford,38,6,5,27,34,77,-43,23,0.61,40.0,64.5,-24.5,-0.64,20614.0,2021,EN
20,Norwich City,38,5,7,26,23,84,-61,22,0.58,32.3,75.5,-43.2,-1.14,26836.0,2021,EN
1,Real Madrid,38,26,8,4,80,31,49,86,2.26,71.7,43.9,27.8,0.73,41235.0,2021,SP
2,Barcelona,38,21,10,7,68,38,30,73,1.92,63.4,34.4,29.0,0.76,53982.0,2021,SP
3,Atlético Madrid,38,21,8,9,65,43,22,71,1.87,54.4,33.4,21.1,0.56,48039.0,2021,SP
4,Sevilla,38,18,16,4,53,30,23,70,1.84,42.4,36.9,5.4,0.14,29756.0,2021,SP
5,Betis,38,19,8,11,62,40,22,65,1.71,53.5,43.4,10.1,0.27,41749.0,2021,SP
6,Real Sociedad,38,17,11,10,40,37,3,62,1.63,51.5,38.7,12.8,0.34,26813.0,2021,SP
7,Villarreal,38,16,11,11,63,37,26,59,1.55,64.2,44.8,19.4,0.51,14293.0,2021,SP
8,Athletic Club,38,14,13,11,43,36,7,55,1.45,49.6,38.4,11.3,0.3,32949.0,2021,SP
9,Valencia,38,11,15,12,48,53,-5,48,1.26,39.0,47.7,-8.7,-0.23,27349.0,2021,SP
10,Osasuna,38,12,11,15,37,51,-14,47,1.24,36.7,46.3,-9.6,-0.25,17107.0,2021,SP
11,Celta Vigo,38,12,10,16,43,43,0,46,1.21,43.1,45.7,-2.6,-0.07,10014.0,2021,SP
12,Rayo Vallecano,38,11,9,18,39,50,-11,42,1.11,42.8,48.4,-5.6,-0.15,7866.0,2021,SP
13,Elche,38,11,9,18,40,52,-12,42,1.11,33.7,59.1,-25.4,-0.67,15640.0,2021,SP
14,Espanyol,38,10,12,16,40,53,-13,42,1.11,36.7,51.2,-14.5,-0.38,17362.0,2021,SP
15,Getafe,38,8,15,15,33,41,-8,39,1.03,29.3,38.6,-9.3,-0.25,8702.0,2021,SP
16,Mallorca,38,10,9,19,36,63,-27,39,1.03,38.8,49.3,-10.5,-0.28,12712.0,2021,SP
17,Cádiz,38,8,15,15,35,51,-16,39,1.03,39.5,48.3,-8.7,-0.23,14055.0,2021,SP
18,Granada,38,8,14,16,44,61,-17,38,1.0,39.0,61.2,-22.2,-0.59,13710.0,2021,SP
19,Levante,38,8,11,19,51,76,-25,35,0.92,55.1,55.0,0.1,0.0,14961.0,2021,SP
20,Alavés,38,8,7,23,31,65,-34,31,0.82,37.3,57.0,-19.7,-0.52,10952.0,2021,SP
1,Bayern Munich,34,24,5,5,97,37,60,77,2.26,89.0,36.3,52.7,1.55,33176.0,2021,GE
2,Dortmund,34,22,3,9,85,52,33,69,2.03,64.0,46.3,17.7,0.52,41800.0,2021,GE
3,Leverkusen,34,19,7,8,80,47,33,64,1.88,62.6,44.0,18.6,0.55,17356.0,2021,GE
4,RB Leipzig,34,17,7,10,72,37,35,58,1.71,64.5,40.1,24.5,0.72,22124.0,2021,GE
5,Union Berlin,34,16,9,9,50,44,6,57,1.68,47.0,38.5,8.5,0.25,14046.0,2021,GE
6,Freiburg,34,15,10,9,58,46,12,55,1.62,50.4,44.0,6.4,0.19,18741.0,2021,GE
7,Köln,34,14,10,10,52,49,3,52,1.53,50.1,50.6,-0.6,-0.02,31965.0,2021,GE
8,Mainz 05,34,13,7,14,50,45,5,46,1.35,50.4,43.9,6.5,0.19,17978.0,2021,GE
9,Hoffenheim,34,13,7,14,58,60,-2,46,1.35,58.3,54.6,3.7,0.11,11227.0,2021,GE
10,Gladbach,34,12,9,13,54,61,-7,45,1.32,56.2,55.0,1.2,0.04,26539.0,2021,GE
11,Eint Frankfurt,34,10,12,12,45,49,-4,42,1.24,41.6,47.0,-5.4,-0.16,26162.0,2021,GE
12,Wolfsburg,34,12,6,16,43,54,-11,42,1.24,47.7,47.3,0.4,0.01,12018.0,2021,GE
13,Bochum,34,12,6,16,38,52,-14,42,1.24,40.6,55.8,-15.1,-0.46,15125.0,2021,GE
14,Augsburg,34,10,8,16,39,56,-17,38,1.12,36.7,57.9,-21.2,-0.62,15197.0,2021,GE
15,Stuttgart,34,7,12,15,41,59,-18,33,0.97,43.7,54.0,-10.2,-0.3,27052.0,2021,GE
16,Hertha BSC,34,9,6,19,37,71,-34,33,0.97,33.3,54.3,-21.0,-0.62,23500.0,2021,GE
17,Arminia,34,5,13,16,27,53,-26,28,0.82,26.3,62.8,-36.6,-1.08,16773.0,2021,GE
18,Greuther Fürth,34,3,9,22,28,82,-54,18,0.53,30.0,60.2,-30.2,-0.89,7672.0,2021,GE
1,Milan,38,26,8,4,69,31,38,86,2.26,59.7,35.9,23.8,0.63,44015.0,2021,IT
2,Inter,38,25,9,4,84,32,52,84,2.21,81.6,39.1,42.5,1.12,44473.0,2021,IT
3,Napoli,38,24,7,7,74,31,43,79,2.08,57.8,32.5,25.3,0.67,28119.0,2021,IT
4,Juventus,38,20,10,8,57,37,20,70,1.84,51.4,38.1,13.4,0.35,22621.0,2021,IT
5,Lazio,38,18,10,10,77,58,19,64,1.68,55.3,47.7,7.6,0.2,23263.0,2021,IT
6,Roma,38,18,9,11,59,43,16,63,1.66,65.1,38.4,26.8,0.7,41929.0,2021,IT
7,Fiorentina,38,19,5,14,59,51,8,62,1.63,60.0,40.6,19.4,0.51,21107.0,2021,IT
8,Atalanta,38,16,11,11,65,48,17,59,1.55,62.4,45.3,17.2,0.45,10447.0,2021,IT
9,Hellas Verona,38,14,11,13,65,59,6,53,1.39,50.4,49.0,1.4,0.04,13894.0,2021,IT
10,Torino,38,13,11,14,46,41,5,50,1.32,48.7,38.9,9.8,0.26,9846.0,2021,IT
11,Sassuolo,38,13,11,14,64,66,-2,50,1.32,55.7,66.4,-10.7,-0.28,8362.0,2021,IT
12,Udinese,38,11,14,13,61,58,3,47,1.24,51.3,52.4,-1.0,-0.03,12144.0,2021,IT
13,Bologna,38,12,10,16,44,55,-11,46,1.21,44.9,52.6,-7.7,-0.2,14158.0,2021,IT
14,Empoli,38,10,11,17,50,70,-20,41,1.08,44.9,66.0,-21.2,-0.56,6356.0,2021,IT
15,Sampdoria,38,10,6,22,46,63,-17,36,0.95,36.7,56.1,-19.3,-0.51,9417.0,2021,IT
16,Spezia,38,10,6,22,41,71,-30,36,0.95,40.1,64.4,-24.3,-0.64,6709.0,2021,IT
17,Salernitana,38,7,10,21,33,78,-45,31,0.82,36.5,65.2,-28.7,-0.76,15073.0,2021,IT
18,Cagliari,38,6,12,20,34,68,-34,30,0.79,39.0,61.0,-21.9,-0.58,9718.0,2021,IT
19,Genoa,38,4,16,18,27,60,-33,28,0.74,37.2,54.1,-16.9,-0.44,12326.0,2021,IT
20,Venezia,38,6,9,23,34,69,-35,27,0.71,36.5,71.8,-35.3,-0.93,6648.0,2021,IT
1,Palmeiras,38,23,12,3,66,27,39,81,2.13,69.3,33.2,36.1,0.95,36565.0,2022,BR
2,Internacional,38,20,13,5,58,31,27,73,1.92,55.8,45.1,10.8,0.28,23618.0,2022,BR
3,Fluminense,38,21,7,10,63,41,22,70,1.84,50.1,40.3,9.7,0.26,29266.0,2022,BR
4,Corinthians,38,18,11,9,44,36,8,65,1.71,40.9,41.0,-0.2,0.0,38631.0,2022,BR
5,Flamengo,38,18,8,12,60,39,21,62,1.63,65.4,35.8,29.6,0.78,50998.0,2022,BR
6,Ath Paranaense,38,16,10,12,48,48,0,58,1.53,47.1,48.4,-1.3,-0.04,19693.0,2022,BR
7,Atlético Mineiro,38,15,13,10,45,37,8,58,1.53,54.1,33.7,20.4,0.54,30386.0,2022,BR
8,Fortaleza,38,15,10,13,46,39,7,55,1.45,44.5,42.9,1.5,0.04,32642.0,2022,BR
9,São Paulo,38,13,15,10,55,42,13,54,1.42,49.7,44.4,5.3,0.14,32249.0,2022,BR
10,América (MG),38,15,8,15,40,40,0,53,1.39,45.6,49.7,-4.1,-0.11,3415.0,2022,BR
11,Botafogo (RJ),38,15,8,15,41,43,-2,53,1.39,40.8,50.4,-9.6,-0.25,21413.0,2022,BR
12,Santos,38,12,11,15,44,41,3,47,1.24,46.2,48.0,-1.8,-0.05,11370.0,2022,BR
13,Goiás,38,11,13,14,40,53,-13,46,1.21,34.6,61.6,-27.0,-0.71,10290.0,2022,BR
14,Red Bull Bragantino,38,11,11,16,49,59,-10,44,1.16,52.7,49.5,3.1,0.08,5011.0,2022,BR
15,Coritiba,38,12,6,20,39,60,-21,42,1.11,42.3,53.6,-11.3,-0.3,18400.0,2022,BR
16,Cuiabá,38,10,11,17,31,42,-11,41,1.08,41.0,47.8,-6.8,-0.18,13821.0,2022,BR
17,Ceará,38,7,16,15,34,41,-7,37,0.97,43.9,48.0,-4.0,-0.11,28814.0,2022,BR
18,Atl Goianiense,38,8,12,18,39,57,-18,36,0.95,43.1,51.2,-8.2,-0.21,7019.0,2022,BR
19,Avaí,38,9,8,21,34,60,-26,35,0.92,44.0,62.6,-18.6,-0.49,8690.0,2022,BR
20,Juventude,38,3,13,22,29,69,-40,22,0.58,33.4,57.1,-23.6,-0.62,3800.0,2022,BR
1,Manchester City,38,28,5,5,94,33,61,89,2.34,78.6,32.1,46.5,1.22,53249.0,2022,EN
2,Arsenal,38,26,6,6,88,43,45,84,2.21,71.6,42.0,29.6,0.78,60191.0,2022,EN
3,Manchester Utd,38,23,6,9,58,43,15,75,1.97,67.7,50.4,17.3,0.45,73671.0,2022,EN
4,Newcastle Utd,38,19,14,5,68,33,35,71,1.87,71.9,39.5,32.3,0.85,52127.0,2022,EN
5,Liverpool,38,19,10,9,75,47,28,67,1.76,71.5,50.8,20.7,0.55,53163.0,2022,EN
6,Brighton,38,18,8,12,72,53,19,62,1.63,73.3,50.2,23.1,0.61,31477.0,2022,EN
7,Aston Villa,38,18,7,13,51,46,5,61,1.61,50.3,52.5,-2.2,-0.06,41679.0,2022,EN
8,Tottenham,38,18,6,14,70,63,7,60,1.58,57.0,49.6,7.4,0.2,61585.0,2022,EN
9,Brentford,38,15,14,9,58,46,12,59,1.55,56.3,48.8,7.5,0.2,17078.0,2022,EN
10,Fulham,38,15,7,16,55,53,2,52,1.37,46.2,63.6,-17.4,-0.46,23746.0,2022,EN
11,Crystal Palace,38,11,12,15,40,49,-9,45,1.18,39.3,48.1,-8.8,-0.23,24952.0,2022,EN
12,Chelsea,38,11,11,16,38,47,-9,44,1.16,49.5,52.5,-3.0,-0.08,40002.0,2022,EN
13,Wolves,38,11,8,19,31,58,-27,41,1.08,36.8,59.9,-23.0,-0.61,31482.0,2022,EN
14,West Ham,38,11,7,20,42,55,-13,40,1.05,49.2,53.0,-3.9,-0.1,62462.0,2022,EN
15,Bournemouth,38,11,6,21,37,71,-34,39,1.03,38.5,63.8,-25.3,-0.67,10362.0,2022,EN
16,Nott'ham Forest,38,9,11,18,38,68,-30,38,1.0,39.3,64.2,-24.9,-0.66,29188.0,2022,EN
17,Everton,38,8,12,18,34,57,-23,36,0.95,45.2,65.5,-20.4,-0.54,39243.0,2022,EN
18,Leicester City,38,9,7,22,51,68,-17,34,0.89,50.5,63.3,-12.8,-0.34,31887.0,2022,EN
19,Leeds United,38,7,10,21,48,78,-30,31,0.82,47.3,67.1,-19.8,-0.52,36566.0,2022,EN
20,Southampton,38,6,7,25,36,73,-37,25,0.66,37.8,60.8,-23.0,-0.61,30440.0,2022,EN
1,Barcelona,38,28,4,6,70,20,50,88,2.32,75.5,33.2,42.3,1.11,83498.0,2022,SP
2,Real Madrid,38,24,6,8,75,36,39,78,2.05,75.5,38.9,36.6,0.96,56649.0,2022,SP
3,Atlético Madrid,38,23,8,7,70,33,37,77,2.03,61.9,41.1,20.8,0.55,55800.0,2022,SP
4,Real Sociedad,38,21,8,9,51,35,16,71,1.87,52.9,33.0,19.8,0.52,32189.0,2022,SP
5,Villarreal,38,19,7,12,59,40,19,64,1.68,61.6,49.9,11.8,0.31,16406.0,2022,SP
6,Betis,38,17,9,12,46,41,5,60,1.58,51.3,50.0,1.3,0.03,49635.0,2022,SP
7,Osasuna,38,15,8,15,37,42,-5,53,1.39,39.8,45.7,-5.9,-0.15,19655.0,2022,SP
8,Athletic Club,38,14,9,15,47,43,4,51,1.34,54.2,36.9,17.3,0.46,43488.0,2022,SP
9,Mallorca,38,14,8,16,37,43,-6,50,1.32,35.2,46.4,-11.2,-0.3,14799.0,2022,SP
10,Girona,38,13,10,15,58,55,3,49,1.29,50.6,54.9,-4.3,-0.11,11471.0,2022,SP
11,Rayo Vallecano,38,13,10,15,45,53,-8,49,1.29,43.9,50.3,-6.4,-0.17,12525.0,2022,SP
12,Sevilla,38,13,10,15,47,54,-7,49,1.29,46.3,54.2,-7.9,-0.21,35566.0,2022,SP
13,Celta Vigo,38,11,10,17,43,53,-10,43,1.13,42.6,45.4,-2.8,-0.07,14425.0,2022,SP
14,Cádiz,38,10,12,16,30,53,-23,42,1.11,41.5,61.6,-20.1,-0.53,17741.0,2022,SP
15,Getafe,38,10,12,16,34,45,-11,42,1.11,36.7,46.0,-9.4,-0.25,11592.0,2022,SP
16,Valencia,38,11,9,18,42,45,-3,42,1.11,49.3,43.5,5.8,0.15,40602.0,2022,SP
17,Almería,38,11,8,19,49,65,-16,41,1.08,45.5,62.5,-17.0,-0.45,12961.0,2022,SP
18,Valladolid,38,11,7,20,33,63,-30,40,1.05,38.5,65.2,-26.6,-0.7,20943.0,2022,SP
19,Espanyol,38,8,13,17,52,69,-17,37,0.97,48.3,59.8,-11.5,-0.3,21601.0,2022,SP
20,Elche,38,5,10,23,30,67,-37,25,0.66,37.5,70.0,-32.6,-0.86,19875.0,2022,SP
1,Bayern Munich,34,21,8,5,92,38,54,71,2.09,75.0,37.1,37.8,1.11,75000.0,2022,GE
2,Dortmund,34,22,5,7,83,44,39,71,2.09,71.1,43.2,27.9,0.82,81228.0,2022,GE
3,RB Leipzig,34,20,6,8,64,41,23,66,1.94,62.7,37.2,25.4,0.75,45961.0,2022,GE
4,Union Berlin,34,18,8,8,51,38,13,62,1.82,37.9,42.6,-4.7,-0.14,21822.0,2022,GE
5,Freiburg,34,17,8,9,51,44,7,59,1.74,47.9,48.8,-0.9,-0.03,34112.0,2022,GE
6,Leverkusen,34,14,8,12,57,49,8,50,1.47,51.4,42.8,8.6,0.25,28609.0,2022,GE
7,Eint Frankfurt,34,13,11,10,58,52,6,50,1.47,52.1,43.5,8.6,0.25,50100.0,2022,GE
8,Wolfsburg,34,13,10,11,57,48,9,49,1.44,51.3,51.3,0.0,0.0,25394.0,2022,GE
9,Mainz 05,34,12,10,12,54,55,-1,46,1.35,47.1,53.6,-6.5,-0.19,29070.0,2022,GE
10,Gladbach,34,11,10,13,52,55,-3,43,1.26,52.1,53.4,-1.3,-0.04,52378.0,2022,GE
11,Köln,34,10,12,12,49,54,-5,42,1.24,47.9,42.6,5.3,0.16,49765.0,2022,GE
12,Hoffenheim,34,10,6,18,48,57,-9,36,1.06,48.0,51.1,-3.1,-0.09,24625.0,2022,GE
13,Werder Bremen,34,10,6,18,51,64,-13,36,1.06,41.1,52.9,-11.8,-0.35,41556.0,2022,GE
14,Bochum,34,10,5,19,40,72,-32,35,1.03,40.0,65.7,-25.7,-0.76,25318.0,2022,GE
15,Augsburg,34,9,7,18,42,63,-21,34,1.0,34.7,58.7,-23.9,-0.7,27956.0,2022,GE
16,Stuttgart,34,7,12,15,45,57,-12,33,0.97,47.6,45.2,2.4,0.07,46541.0,2022,GE
17,Schalke 04,34,7,10,17,35,71,-36,31,0.91,39.6,57.1,-17.6,-0.52,61133.0,2022,GE
18,Hertha BSC,34,7,8,19,42,69,-27,29,0.85,39.4,60.0,-20.5,-0.6,53670.0,2022,GE
1,Napoli,38,28,6,4,77,28,49,90,2.37,64.7,31.8,33.0,0.87,46173.0,2022,IT
2,Lazio,38,22,8,8,60,30,30,74,1.95,51.1,41.3,9.8,0.26,44141.0,2022,IT
3,Inter,38,23,3,12,71,42,29,72,1.89,68.0,36.5,31.6,0.83,72630.0,2022,IT
4,Milan,38,20,10,8,64,43,21,70,1.84,58.8,41.1,17.7,0.47,71880.0,2022,IT
5,Atalanta,38,19,7,12,66,48,18,64,1.68,57.7,41.4,16.3,0.43,18241.0,2022,IT
6,Roma,38,18,9,11,50,38,12,63,1.66,57.4,32.1,25.3,0.67,62032.0,2022,IT
7,Juventus,38,22,6,10,56,33,23,62,1.63,55.3,41.6,13.7,0.36,37656.0,2022,IT
8,Fiorentina,38,15,11,12,53,43,10,56,1.47,55.0,43.4,11.7,0.31,32200.0,2022,IT
9,Bologna,38,14,12,12,53,49,4,54,1.42,43.8,48.7,-4.9,-0.13,22314.0,2022,IT
10,Torino,38,14,11,13,42,41,1,53,1.39,41.8,40.0,1.8,0.05,19464.0,2022,IT
11,Monza,38,14,10,14,48,52,-4,52,1.37,45.9,51.3,-5.4,-0.14,12413.0,2022,IT
12,Udinese,38,11,13,14,47,48,-1,46,1.21,46.9,51.8,-4.9,-0.13,21616.0,2022,IT
13,Sassuolo,38,12,9,17,47,61,-14,45,1.18,51.6,49.7,1.9,0.05,13011.0,2022,IT
14,Empoli,38,10,13,15,37,49,-12,43,1.13,38.8,58.3,-19.5,-0.51,9808.0,2022,IT
15,Salernitana,38,9,15,14,48,62,-14,42,1.11,36.7,67.1,-30.5,-0.8,20082.0,2022,IT
16,Lecce,38,8,12,18,33,46,-13,36,0.95,36.1,42.1,-6.1,-0.16,24654.0,2022,IT
17,Spezia,38,6,13,19,31,62,-31,31,0.82,41.5,59.5,-18.0,-0.47,9258.0,2022,IT
18,Hellas Verona,38,7,10,21,31,59,-28,31,0.82,35.8,49.9,-14.1,-0.37,18752.0,2022,IT
19,Cremonese,38,5,12,21,36,69,-33,27,0.71,38.7,66.1,-27.4,-0.72,11978.0,2022,IT
20,Sampdoria,38,3,10,25,24,71,-47,19,0.5,34.1,66.3,-32.2,-0.85,20133.0,2022,IT
1,Palmeiras,38,20,10,8,64,33,31,70,1.84,57.2,39.4,17.8,0.47,33220.0,2023,BR
2,Grêmio,38,21,5,12,63,56,7,68,1.79,49.9,54.9,-5.0,-0.13,34585.0,2023,BR
3,Atlético Mineiro,38,19,9,10,52,32,20,66,1.74,46.5,40.9,5.5,0.15,33068.0,2023,BR
4,Flamengo,38,19,9,10,56,42,14,66,1.74,50.0,44.6,5.4,0.14,57486.0,2023,BR
5,Botafogo (RJ),38,18,10,10,58,37,21,64,1.68,50.1,49.0,1.0,0.03,27290.0,2023,BR
6,Red Bull Bragantino,38,17,11,10,49,35,14,62,1.63,57.9,42.8,15.1,0.4,6051.0,2023,BR
7,Fluminense,38,16,8,14,51,47,4,56,1.47,49.9,48.6,1.3,0.03,34431.0,2023,BR
8,Ath Paranaense,38,14,14,10,51,43,8,56,1.47,51.1,46.6,4.5,0.12,22378.0,2023,BR
9,Internacional,38,15,10,13,46,45,1,55,1.45,42.4,47.2,-4.8,-0.13,26675.0,2023,BR
10,Fortaleza,38,15,9,14,45,44,1,54,1.42,51.5,43.7,7.8,0.2,33540.0,2023,BR
11,São Paulo,38,14,11,13,40,38,2,53,1.39,49.5,36.7,12.7,0.33,43800.0,2023,BR
12,Cuiabá,38,14,9,15,40,39,1,51,1.34,38.7,42.1,-3.4,-0.09,16859.0,2023,BR
13,Corinthians,38,12,14,12,47,48,-1,50,1.32,40.5,49.7,-9.2,-0.24,36565.0,2023,BR
14,Cruzeiro,38,11,14,13,35,32,3,47,1.24,48.2,41.8,6.5,0.17,30527.0,2023,BR
15,Vasco da Gama,38,12,9,17,41,51,-10,45,1.18,47.6,46.2,1.3,0.03,21746.0,2023,BR
16,Bahia,38,12,8,18,50,53,-3,44,1.16,50.6,51.3,-0.6,-0.02,36970.0,2023,BR
17,Santos,38,11,10,17,39,64,-25,43,1.13,42.6,51.5,-8.9,-0.23,8196.0,2023,BR
18,Goiás,38,9,11,18,36,53,-17,38,1.0,36.6,45.9,-9.3,-0.24,10026.0,2023,BR
19,Coritiba,38,8,6,24,41,73,-32,30,0.79,39.3,60.8,-21.6,-0.57,20770.0,2023,BR
20,América (MG),38,5,9,24,42,81,-39,24,0.63,46.7,62.9,-16.2,-0.43,6373.0,2023,BR
1,Manchester City,38,28,7,3,96,34,62,91,2.39,80.5,35.6,44.9,1.18,53012.0,2023,EN
2,Arsenal,38,28,5,5,91,29,62,89,2.34,76.1,27.9,48.2,1.27,60236.0,2023,EN
3,Liverpool,38,24,10,4,86,41,45,82,2.16,87.8,45.7,42.0,1.11,55979.0,2023,EN
4,Aston Villa,38,20,8,10,76,61,15,68,1.79,63.3,59.9,3.4,0.09,41858.0,2023,EN
5,Tottenham,38,20,6,12,74,61,13,66,1.74,68.2,63.4,4.8,0.13,61482.0,2023,EN
6,Chelsea,38,18,9,11,77,63,14,63,1.66,74.5,58.1,16.4,0.43,39524.0,2023,EN
7,Newcastle Utd,38,18,6,14,85,62,23,60,1.58,76.0,61.4,14.6,0.38,52125.0,2023,EN
8,Manchester Utd,38,18,6,14,57,58,-1,60,1.58,56.5,68.9,-12.5,-0.33,73533.0,2023,EN
9,West Ham,38,14,10,14,60,74,-14,52,1.37,52.3,71.1,-18.8,-0.49,62567.0,2023,EN
10,Crystal Palace,38,13,10,15,57,58,-1,49,1.29,48.6,52.0,-3.4,-0.09,24932.0,2023,EN
11,Brighton,38,12,12,14,55,62,-7,48,1.26,56.8,55.4,1.4,0.04,32638.0,2023,EN
12,Bournemouth,38,13,9,16,54,67,-13,48,1.26,55.9,58.1,-2.2,-0.06,11103.0,2023,EN
13,Fulham,38,13,8,17,55,61,-6,47,1.24,50.8,62.9,-12.1,-0.32,24302.0,2023,EN
14,Wolves,38,13,7,18,50,65,-15,46,1.21,46.7,67.7,-21.0,-0.55,31029.0,2023,EN
15,Everton,38,13,9,16,40,51,-11,42,1.11,54.0,55.2,-1.2,-0.03,39042.0,2023,EN
16,Brentford,38,10,9,19,56,65,-9,39,1.03,58.2,56.0,2.2,0.06,17082.0,2023,EN
17,Nott'ham Forest,38,9,9,20,49,67,-18,32,0.84,49.9,53.2,-3.3,-0.09,29386.0,2023,EN
18,Luton Town,38,6,8,24,52,85,-33,26,0.68,42.4,78.0,-35.5,-0.94,11240.0,2023,EN
19,Burnley,38,5,9,24,41,78,-37,24,0.63,40.6,70.4,-29.7,-0.78,21184.0,2023,EN
20,Sheffield Utd,38,3,7,28,35,104,-69,16,0.42,38.3,76.7,-38.4,-1.01,30011.0,2023,EN
1,Real Madrid,38,29,8,1,87,26,61,95,2.5,68.8,35.4,33.4,0.88,72061.0,2023,SP
2,Barcelona,38,26,7,5,79,44,35,85,2.24,77.6,41.6,35.9,0.94,39846.0,2023,SP
3,Girona,38,25,6,7,85,46,39,81,2.13,70.8,54.3,16.5,0.43,12520.0,2023,SP
4,Atlético Madrid,38,24,4,10,70,43,27,76,2.0,62.4,39.5,23.0,0.6,59121.0,2023,SP
5,Athletic Club,38,19,11,8,61,37,24,68,1.79,52.7,41.3,11.4,0.3,46112.0,2023,SP
6,Real Sociedad,38,16,12,10,51,39,12,60,1.58,44.9,41.3,3.6,0.1,31710.0,2023,SP
7,Betis,38,14,15,9,48,45,3,57,1.5,43.9,50.2,-6.3,-0.17,51259.0,2023,SP
8,Villarreal,38,14,11,13,65,65,0,53,1.39,55.6,58.7,-3.2,-0.08,17957.0,2023,SP
9,Valencia,38,13,10,15,40,45,-5,49,1.29,43.1,47.6,-4.5,-0.12,43420.0,2023,SP
10,Alavés,38,12,10,16,36,46,-10,46,1.21,46.2,44.7,1.5,0.04,17391.0,2023,SP
11,Osasuna,38,12,9,17,45,56,-11,45,1.18,40.5,49.9,-9.4,-0.25,19703.0,2023,SP
12,Getafe,38,10,13,15,42,54,-12,43,1.13,45.7,53.8,-8.1,-0.21,11456.0,2023,SP
13,Celta Vigo,38,10,11,17,46,57,-11,41,1.08,50.7,54.6,-3.8,-0.1,20039.0,2023,SP
14,Sevilla,38,10,11,17,48,54,-6,41,1.08,44.9,55.9,-11.0,-0.29,34984.0,2023,SP
15,Mallorca,38,8,16,14,33,44,-11,40,1.05,40.5,42.9,-2.5,-0.06,17767.0,2023,SP
16,Las Palmas,38,10,10,18,33,47,-14,40,1.05,33.2,56.6,-23.5,-0.62,25041.0,2023,SP
17,Rayo Vallecano,38,8,14,16,29,48,-19,38,1.0,42.3,44.6,-2.3,-0.06,12749.0,2023,SP
18,Cádiz,38,6,15,17,26,55,-29,33,0.87,36.0,52.3,-16.3,-0.43,18016.0,2023,SP
19,Almería,38,3,12,23,43,75,-32,21,0.55,48.7,61.6,-12.9,-0.34,12893.0,2023,SP
20,Granada,38,4,9,25,38,79,-41,21,0.55,42.6,64.2,-21.6,-0.57,16350.0,2023,SP
1,Leverkusen,34,28,6,0,89,24,65,90,2.65,73.6,29.9,43.7,1.29,29994.0,2023,GE
2,Stuttgart,34,23,4,7,78,39,39,73,2.15,70.9,38.1,32.7,0.96,55089.0,2023,GE
3,Bayern Munich,34,23,3,8,94,45,49,72,2.12,85.2,32.1,53.0,1.56,75000.0,2023,GE
4,RB Leipzig,34,19,8,7,77,39,38,65,1.91,65.6,40.1,25.5,0.75,44921.0,2023,GE
5,Dortmund,34,18,9,7,68,43,25,63,1.85,63.5,52.0,11.5,0.34,81305.0,2023,GE
6,Eint Frankfurt,34,11,14,9,51,50,1,47,1.38,46.2,52.1,-5.9,-0.17,56900.0,2023,GE
7,Hoffenheim,34,13,7,14,66,66,0,46,1.35,53.6,60.8,-7.2,-0.21,24559.0,2023,GE
8,Heidenheim,34,10,12,12,50,55,-5,42,1.24,39.4,61.8,-22.5,-0.66,15000.0,2023,GE
9,Werder Bremen,34,11,9,14,48,54,-6,42,1.24,46.9,56.5,-9.6,-0.28,41721.0,2023,GE
10,Freiburg,34,11,9,14,45,58,-13,42,1.24,49.4,50.5,-1.1,-0.03,34196.0,2023,GE
11,Augsburg,34,10,9,15,50,60,-10,39,1.15,46.1,57.4,-11.3,-0.33,29712.0,2023,GE
12,Wolfsburg,34,10,7,17,41,56,-15,37,1.09,39.2,44.7,-5.5,-0.16,25316.0,2023,GE
13,Mainz 05,34,7,14,13,39,51,-12,35,1.03,44.6,44.5,0.2,0.01,30690.0,2023,GE
14,Gladbach,34,7,13,14,56,67,-11,34,1.0,46.5,54.2,-7.8,-0.23,51371.0,2023,GE
15,Union Berlin,34,9,6,19,33,58,-25,33,0.97,40.1,50.5,-10.4,-0.31,21840.0,2023,GE
16,Bochum,34,7,12,15,42,74,-32,33,0.97,44.5,63.9,-19.3,-0.57,25393.0,2023,GE
17,Köln,34,5,12,17,28,60,-32,27,0.79,39.3,64.6,-25.3,-0.74,49829.0,2023,GE
18,Darmstadt 98,34,3,8,23,30,86,-56,17,0.5,32.3,73.1,-40.8,-1.2,17730.0,2023,GE
1,Inter,38,29,7,2,89,22,67,94,2.47,78.2,31.2,47.1,1.24,72838.0,2023,IT
2,Milan,38,22,9,7,76,49,27,75,1.97,66.2,45.4,20.8,0.55,72000.0,2023,IT
3,Juventus,38,19,14,5,54,31,23,71,1.87,54.6,30.1,24.6,0.65,38142.0,2023,IT
4,Atalanta,38,21,6,11,72,42,30,69,1.82,57.8,41.1,16.7,0.44,14725.0,2023,IT
5,Bologna,38,18,14,6,54,32,22,68,1.79,47.9,37.1,10.9,0.29,25914.0,2023,IT
6,Roma,38,18,9,11,65,46,19,63,1.66,51.4,41.8,9.6,0.25,62924.0,2023,IT
7,Lazio,38,18,7,13,49,39,10,61,1.61,46.5,42.0,4.5,0.12,42689.0,2023,IT
8,Fiorentina,38,17,9,12,61,46,15,60,1.58,51.7,48.2,3.6,0.09,29941.0,2023,IT
9,Torino,38,13,14,11,36,36,0,53,1.39,37.7,37.4,0.3,0.01,22753.0,2023,IT
10,Napoli,38,13,14,11,55,48,7,53,1.39,61.4,38.4,23.0,0.61,45622.0,2023,IT
11,Genoa,38,12,13,13,45,45,0,49,1.29,35.7,42.8,-7.1,-0.19,29609.0,2023,IT
12,Monza,38,11,12,15,39,51,-12,45,1.18,39.5,56.3,-16.8,-0.44,12172.0,2023,IT
13,Hellas Verona,38,9,11,18,38,51,-13,38,1.0,38.0,48.7,-10.7,-0.28,21996.0,2023,IT
14,Lecce,38,8,14,16,32,54,-22,38,1.0,43.1,53.3,-10.2,-0.27,26642.0,2023,IT
15,Udinese,38,6,19,13,37,53,-16,37,0.97,39.1,49.1,-10.0,-0.26,21537.0,2023,IT
16,Cagliari,38,8,12,18,42,68,-26,36,0.95,42.9,54.5,-11.6,-0.3,16168.0,2023,IT
17,Empoli,38,9,9,20,29,54,-25,36,0.95,36.2,52.9,-16.7,-0.44,11092.0,2023,IT
18,Frosinone,38,8,11,19,44,69,-25,35,0.92,45.8,57.7,-12.0,-0.32,15824.0,2023,IT
19,Sassuolo,38,7,9,22,43,75,-32,30,0.79,39.8,61.6,-21.8,-0.57,13905.0,2023,IT
20,Salernitana,38,2,11,25,32,81,-49,17,0.45,30.3,74.4,-44.1,-1.16,18787.0,2023,IT
